{"cameraMode":{"drawMode":0,"name":"Shaded","section":"Shading Mode"},"sceneLighting":false,"audioPlay":false,"sceneViewState":{"showFog":true,"showMaterialUpdate":false,"showSkybox":true,"showFlares":true,"showImageEffects":true,"showParticleSystems":true},"in2DMode":false,"pivot":{"x":0.0717397928237915,"y":1.43402099609375,"z":-20.130125045776368},"rotation":{"x":-0.11671829968690872,"y":0.8549042344093323,"z":-0.21903210878372193,"w":-0.4555661380290985},"size":4.653656959533691,"orthographic":false}