{"cameraMode":{"drawMode":0,"name":"Shaded","section":"Shading Mode"},"sceneLighting":true,"audioPlay":false,"sceneViewState":{"showFog":true,"showMaterialUpdate":false,"showSkybox":true,"showFlares":true,"showImageEffects":true,"showParticleSystems":true},"in2DMode":false,"pivot":{"x":33.36445236206055,"y":-37.34228515625,"z":-1.6502584218978882},"rotation":{"x":-0.48231807351112368,"y":-0.5162100195884705,"z":0.4725947678089142,"w":-0.526830792427063},"size":73.37291717529297,"orthographic":false}