{"cameraMode":{"drawMode":0,"name":"Shaded","section":"Shading Mode"},"sceneLighting":false,"audioPlay":false,"sceneViewState":{"showFog":true,"showMaterialUpdate":false,"showSkybox":true,"showFlares":true,"showImageEffects":true,"showParticleSystems":true},"in2DMode":false,"pivot":{"x":0.41714391112327578,"y":1.2389581203460694,"z":4.058866024017334},"rotation":{"x":-0.05367663502693176,"y":-0.7126074433326721,"z":0.05484991893172264,"w":-0.6973528861999512},"size":2.1914455890655519,"orthographic":false}