{"cameraMode":{"drawMode":0,"name":"Shaded","section":"Shading Mode"},"sceneLighting":false,"audioPlay":false,"sceneViewState":{"showFog":true,"showMaterialUpdate":false,"showSkybox":true,"showFlares":true,"showImageEffects":true,"showParticleSystems":true},"in2DMode":false,"pivot":{"x":0.8023830652236939,"y":1.979170799255371,"z":-0.17452660202980042},"rotation":{"x":0.09751816838979721,"y":-0.7001419067382813,"z":0.09745992720127106,"w":0.7005663514137268},"size":2.4369993209838869,"orthographic":false}