{"cameraMode":{"drawMode":0,"name":"Shaded","section":"Shading Mode"},"sceneLighting":false,"audioPlay":false,"sceneViewState":{"showFog":true,"showMaterialUpdate":false,"showSkybox":true,"showFlares":true,"showImageEffects":true,"showParticleSystems":true},"in2DMode":false,"pivot":{"x":1.1920928955078126e-7,"y":1.100000023841858,"z":-22.25},"rotation":{"x":-0.11671829968690872,"y":0.8549042344093323,"z":-0.21903210878372193,"w":-0.4555661380290985},"size":6.870818614959717,"orthographic":false}