{"cameraMode":{"drawMode":0,"name":"Shaded","section":"Shading Mode"},"sceneLighting":false,"audioPlay":false,"sceneViewState":{"showFog":true,"showMaterialUpdate":false,"showSkybox":true,"showFlares":true,"showImageEffects":true,"showParticleSystems":true},"in2DMode":false,"pivot":{"x":-0.713740348815918,"y":-0.41689133644104006,"z":-1.4541385173797608},"rotation":{"x":-0.007779315114021301,"y":0.9859318137168884,"z":-0.1599300354719162,"w":-0.04796329885721207},"size":5.648991107940674,"orthographic":false}