{"cameraMode":{"drawMode":0,"name":"Shaded","section":"Shading Mode"},"sceneLighting":true,"audioPlay":false,"sceneViewState":{"showFog":true,"showMaterialUpdate":false,"showSkybox":true,"showFlares":true,"showImageEffects":true,"showParticleSystems":true},"in2DMode":false,"pivot":{"x":184.79168701171876,"y":127.53132629394531,"z":-261.7099609375},"rotation":{"x":0.12669190764427186,"y":-0.849292516708374,"z":0.2367148995399475,"w":0.45455196499824526},"size":293.1014404296875,"orthographic":false}