{"cameraMode":{"drawMode":0,"name":"Shaded","section":"Shading Mode"},"sceneLighting":false,"audioPlay":false,"sceneViewState":{"showFog":true,"showMaterialUpdate":false,"showSkybox":true,"showFlares":true,"showImageEffects":true,"showParticleSystems":true},"in2DMode":false,"pivot":{"x":-0.26249992847442629,"y":0.7499999403953552,"z":0.0},"rotation":{"x":0.3749154210090637,"y":0.0058517176657915119,"z":-0.002366017084568739,"w":0.9270375370979309},"size":3.896106481552124,"orthographic":false}